Model,Train MAE,Train RMSE,Train R^2,Test MAE,Test RMSE,Test R^2
AdaBoost Regressor,0.36155128726417934,0.44371112889334025,0.9555154192394401,0.4802549601752178,0.5812551871363066,0.901909019195613
Random Forest Regressor,0.2124193548387097,0.3367467699871436,0.9743778401492997,0.45903225806451614,0.6173643249147291,0.8893431117824774
CatBoosting Regressor,0.03938363402771928,0.052842462743837616,0.9993690790354413,0.5119647556666084,0.6448921425997336,0.8792548862722094
XGBRegressor,0.0007583111310619613,0.0010870026359590793,0.9999997330253331,0.6345597780760257,1.0449909222811602,0.6829553496762301
Decision Tree,0.0,0.0,1.0,0.6129032258064516,1.282638409811035,0.5223564954682779
K-Neighbors Regressor,1.1161290322580648,1.4444554728004688,0.5285700430559434,1.238709677419355,1.4404300433125585,0.397607250755287
Ridge,1.3605962480387632,1.6790280404602416,0.3630215245891839,1.3734129009704312,1.5861363899596828,0.26957361622365084
Linear Regression,1.3544142806329185,1.6773233151951779,0.3643143225984874,1.392351242144691,1.614980075835099,0.24276665251482987
Lasso,1.7747163335402045,2.0735198592587456,0.028539252718688513,1.5674789343945459,1.839135108136776,0.017974729278549595
